,epochs,Test loss,Test accuracy
0,30,1.2818385362625122,0.7972270250320435
