,epochs,Test loss,Test accuracy
0,25,0.45231562852859497,0.8734835386276245
