,epochs,Test loss,Test accuracy
0,50,0.7271040678024292,0.8422877192497253
