,epochs,Test loss,Test accuracy
0,100,0.6304016709327698,0.8284229040145874
